meeting_date,meeting_id,document_name,file_size_bytes,filename
2024-06-11,30933,20240528_BoardReport10003.pdf,40343,2024-06-11__20240528_BoardReport10003.pdf
2024-06-11,30933,20240528_CheckRegisterbyCheckingAccount.pdf,10765,2024-06-11__20240528_CheckRegisterbyCheckingAccount.pdf
2024-06-11,30933,20240528_DetailCheckRegister.pdf,34505,2024-06-11__20240528_DetailCheckRegister.pdf
2024-06-11,30933,20240604_BoardReport10003.pdf,193304,2024-06-11__20240604_BoardReport10003.pdf
2024-06-11,30933,20240604_CheckRegisterbyCheckingAccount.pdf,25092,2024-06-11__20240604_CheckRegisterbyCheckingAccount.pdf
2024-06-11,30933,20240604_DetailCheckRegister.pdf,147625,2024-06-11__20240604_DetailCheckRegister.pdf
2024-06-11,30933,Accounts_Payable_Summaries - 20240611.pdf,42822,2024-06-11__Accounts_Payable_Summaries - 20240611.pdf
2024-06-25,30934,20240611_BoardReport10003.pdf,87857,2024-06-25__20240611_BoardReport10003.pdf
2024-06-25,30934,20240611_CheckRegisterbyCheckingAccount.pdf,15304,2024-06-25__20240611_CheckRegisterbyCheckingAccount.pdf
2024-06-25,30934,20240611_DetailCheckRegister.pdf,67121,2024-06-25__20240611_DetailCheckRegister.pdf
2024-06-25,30934,20240618_BoardReport10003.pdf,342916,2024-06-25__20240618_BoardReport10003.pdf
2024-06-25,30934,20240618_CheckRegisterbyCheckingAccount.pdf,41199,2024-06-25__20240618_CheckRegisterbyCheckingAccount.pdf
2024-06-25,30934,20240618_DetailCheckRegister.pdf,275936,2024-06-25__20240618_DetailCheckRegister.pdf
2024-06-25,30934,Accounts_Payable_Summaries - 20240625.pdf,31834,2024-06-25__Accounts_Payable_Summaries - 20240625.pdf
2024-07-23,30939,20240709_BoardReport10003.pdf,136975,2024-07-23__20240709_BoardReport10003.pdf
2024-07-23,30939,20240709_CheckRegisterbyCheckingAccount.pdf,20139,2024-07-23__20240709_CheckRegisterbyCheckingAccount.pdf
2024-07-23,30939,20240709_DetailCheckRegister.pdf,110698,2024-07-23__20240709_DetailCheckRegister.pdf
2024-07-23,30939,20240716BoardReport10003.pdf,169187,2024-07-23__20240716BoardReport10003.pdf
2024-07-23,30939,20240716CheckRegisterbyCheckingAccount.pdf,21291,2024-07-23__20240716CheckRegisterbyCheckingAccount.pdf
2024-07-23,30939,20240716DetailCheckRegister.pdf,124230,2024-07-23__20240716DetailCheckRegister.pdf
2024-07-23,30939,Accounts_Payable_Summaries - 20240723.pdf,32051,2024-07-23__Accounts_Payable_Summaries - 20240723.pdf
2024-08-13,30940,20240724BoardReport10003.pdf,38645,2024-08-13__20240724BoardReport10003.pdf
2024-08-13,30940,20240724CheckRegisterbyCheckingAccount.pdf,9259,2024-08-13__20240724CheckRegisterbyCheckingAccount.pdf
2024-08-13,30940,20240724DetailCheckRegister.pdf,29674,2024-08-13__20240724DetailCheckRegister.pdf
2024-08-13,30940,20240730BoardReport10003.pdf,21416,2024-08-13__20240730BoardReport10003.pdf
2024-08-13,30940,20240730CheckRegisterbyCheckingAccount.pdf,8346,2024-08-13__20240730CheckRegisterbyCheckingAccount.pdf
2024-08-13,30940,20240730DetailCheckRegister.pdf,18494,2024-08-13__20240730DetailCheckRegister.pdf
2024-08-13,30940,20240806BoardReport10003.pdf,250419,2024-08-13__20240806BoardReport10003.pdf
2024-08-13,30940,20240806CheckRegisterbyCheckingAccount.pdf,29368,2024-08-13__20240806CheckRegisterbyCheckingAccount.pdf
2024-08-13,30940,20240806DetailCheckRegister.pdf,180614,2024-08-13__20240806DetailCheckRegister.pdf
2024-08-13,30940,Accounts_Payable_Summaries - 20240813.pdf,36525,2024-08-13__Accounts_Payable_Summaries - 20240813.pdf
2024-08-27,30945,20240813BoardReport10003.pdf,18141,2024-08-27__20240813BoardReport10003.pdf
2024-08-27,30945,20240813CheckRegisterbyCheckingAccount.pdf,7135,2024-08-27__20240813CheckRegisterbyCheckingAccount.pdf
2024-08-27,30945,20240813DetailCheckRegister.pdf,14642,2024-08-27__20240813DetailCheckRegister.pdf
2024-08-27,30945,20240814BoardReport10003.pdf,23060,2024-08-27__20240814BoardReport10003.pdf
2024-08-27,30945,20240814CheckRegisterbyCheckingAccount.pdf,7036,2024-08-27__20240814CheckRegisterbyCheckingAccount.pdf
2024-08-27,30945,20240814DetailCheckRegister.pdf,16789,2024-08-27__20240814DetailCheckRegister.pdf
2024-08-27,30945,20240820BoardReport10003.pdf,210393,2024-08-27__20240820BoardReport10003.pdf
2024-08-27,30945,20240820CheckRegisterbyCheckingAccount.pdf,26307,2024-08-27__20240820CheckRegisterbyCheckingAccount.pdf
2024-08-27,30945,20240820DetailCheckRegister.pdf,164027,2024-08-27__20240820DetailCheckRegister.pdf
2024-08-27,30945,Accounts_Payable_Summaries - 20240827.pdf,46800,2024-08-27__Accounts_Payable_Summaries - 20240827.pdf
2024-09-10,30946,20240827BoardReport10003.pdf,43888,2024-09-10__20240827BoardReport10003.pdf
2024-09-10,30946,20240827CheckRegisterbyCheckingAccount.pdf,10335,2024-09-10__20240827CheckRegisterbyCheckingAccount.pdf
2024-09-10,30946,20240827DetailCheckRegister.pdf,33165,2024-09-10__20240827DetailCheckRegister.pdf
2024-09-10,30946,20240903BoardReport10003.pdf,242673,2024-09-10__20240903BoardReport10003.pdf
2024-09-10,30946,20240903CheckRegisterbyCheckingAccount.pdf,27224,2024-09-10__20240903CheckRegisterbyCheckingAccount.pdf
2024-09-10,30946,20240903DetailCheckRegister.pdf,187305,2024-09-10__20240903DetailCheckRegister.pdf
2024-09-10,30946,Accounts_Payable_Summaries - 20240910.pdf,47200,2024-09-10__Accounts_Payable_Summaries - 20240910.pdf
2024-09-24,30954,20240910BoardReport10003.pdf,55651,2024-09-24__20240910BoardReport10003.pdf
2024-09-24,30954,20240910CheckRegisterbyCheckingAccount.pdf,11949,2024-09-24__20240910CheckRegisterbyCheckingAccount.pdf
2024-09-24,30954,20240910DetailCheckRegister.pdf,47660,2024-09-24__20240910DetailCheckRegister.pdf
2024-09-24,30954,20240917BoardReport10003.pdf,404882,2024-09-24__20240917BoardReport10003.pdf
2024-09-24,30954,20240917CheckRegisterbyCheckingAccount.pdf,33628,2024-09-24__20240917CheckRegisterbyCheckingAccount.pdf
2024-09-24,30954,20240917DetailCheckRegister.pdf,277957,2024-09-24__20240917DetailCheckRegister.pdf
2024-09-24,30954,Accounts_Payable_Summaries - 20240924.pdf,47559,2024-09-24__Accounts_Payable_Summaries - 20240924.pdf
2024-10-08,30955,10-1-2024BoardReport10003.pdf,243723,2024-10-08__10-1-2024BoardReport10003.pdf
2024-10-08,30955,10-1-2024CheckRegisterbyCheckingAccount.pdf,28035,2024-10-08__10-1-2024CheckRegisterbyCheckingAccount.pdf
2024-10-08,30955,10-1-2024DetailCheckRegister.pdf,190298,2024-10-08__10-1-2024DetailCheckRegister.pdf
2024-10-08,30955,9-24-2024BoardReport9242024.pdf,69650,2024-10-08__9-24-2024BoardReport9242024.pdf
2024-10-08,30955,9-24-2024CheckRegisterbyCheckingAccount.pdf,13058,2024-10-08__9-24-2024CheckRegisterbyCheckingAccount.pdf
2024-10-08,30955,9-24-2024DetailCheckRegister.pdf,55452,2024-10-08__9-24-2024DetailCheckRegister.pdf
2024-10-08,30955,Accounts_Payable_Summaries - 20241008.pdf,47222,2024-10-08__Accounts_Payable_Summaries - 20241008.pdf
2024-10-22,30960,10-15-2024BoardReport10003.pdf,272418,2024-10-22__10-15-2024BoardReport10003.pdf
2024-10-22,30960,10-15-2024CheckRegisterbyCheckingAccount.pdf,29815,2024-10-22__10-15-2024CheckRegisterbyCheckingAccount.pdf
2024-10-22,30960,10-15-2024DetailCheckRegister.pdf,202192,2024-10-22__10-15-2024DetailCheckRegister.pdf
2024-10-22,30960,10-8-2024BoardReport10003.pdf,79510,2024-10-22__10-8-2024BoardReport10003.pdf
2024-10-22,30960,10-8-2024CheckRegisterbyCheckingAccount.pdf,14576,2024-10-22__10-8-2024CheckRegisterbyCheckingAccount.pdf
2024-10-22,30960,10-8-2024DetailCheckRegister.pdf,61954,2024-10-22__10-8-2024DetailCheckRegister.pdf
2024-10-22,30960,Accounts_Payable_Summaries - 20241022.pdf,47256,2024-10-22__Accounts_Payable_Summaries - 20241022.pdf
2024-11-12,30961,10-29-2024BoardReport10003.pdf,54231,2024-11-12__10-29-2024BoardReport10003.pdf
2024-11-12,30961,10-29-2024CheckRegisterbyCheckingAccount.pdf,12013,2024-11-12__10-29-2024CheckRegisterbyCheckingAccount.pdf
2024-11-12,30961,10-29-2024DetailCheckRegister.pdf,47769,2024-11-12__10-29-2024DetailCheckRegister.pdf
2024-11-12,30961,11-5-2024BoardReport10003.pdf,299447,2024-11-12__11-5-2024BoardReport10003.pdf
2024-11-12,30961,11-5-2024CheckRegisterbyCheckingAccount.pdf,29174,2024-11-12__11-5-2024CheckRegisterbyCheckingAccount.pdf
2024-11-12,30961,11-5-2024DetailCheckRegister.pdf,235639,2024-11-12__11-5-2024DetailCheckRegister.pdf
2024-11-12,30961,20241024CheckRegisterbyCheckingAccount.pdf,5990,2024-11-12__20241024CheckRegisterbyCheckingAccount.pdf
2024-11-12,30961,20241024DetailCheckRegister.pdf,6184,2024-11-12__20241024DetailCheckRegister.pdf
2024-11-12,30961,20241024_BoardReport10003.pdf,8904,2024-11-12__20241024_BoardReport10003.pdf
2024-11-12,30961,Accounts_Payable_Summaries - 20241112.pdf,47415,2024-11-12__Accounts_Payable_Summaries - 20241112.pdf
2024-12-10,30967,11-12-2024BoardReport10003.pdf,45832,2024-12-10__11-12-2024BoardReport10003.pdf
2024-12-10,30967,11-12-2024CheckRegisterbyCheckingAccount.pdf,11321,2024-12-10__11-12-2024CheckRegisterbyCheckingAccount.pdf
2024-12-10,30967,11-12-2024DetailCheckRegister.pdf,39151,2024-12-10__11-12-2024DetailCheckRegister.pdf
2024-12-10,30967,11-19-2024BoardReport10003.pdf,299291,2024-12-10__11-19-2024BoardReport10003.pdf
2024-12-10,30967,11-19-2024CheckRegisterbyCheckingAccount.pdf,31496,2024-12-10__11-19-2024CheckRegisterbyCheckingAccount.pdf
2024-12-10,30967,11-19-2024DetailCheckRegister.pdf,213772,2024-12-10__11-19-2024DetailCheckRegister.pdf
2024-12-10,30967,12-3-2024BoardReport10003.pdf,207564,2024-12-10__12-3-2024BoardReport10003.pdf
2024-12-10,30967,12-3-2024CheckRegisterbyCheckingAccount.pdf,24225,2024-12-10__12-3-2024CheckRegisterbyCheckingAccount.pdf
2024-12-10,30967,12-3-2024DetailCheckRegister.pdf,160970,2024-12-10__12-3-2024DetailCheckRegister.pdf
2024-12-10,30967,Accounts_Payable_Summaries - 20241210.pdf,47341,2024-12-10__Accounts_Payable_Summaries - 20241210.pdf
2025-01-14,30971,1-7-2025BoardReport10003.pdf,327772,2025-01-14__1-7-2025BoardReport10003.pdf
2025-01-14,30971,1-7-2025CheckRegisterbyCheckingAccount.pdf,37001,2025-01-14__1-7-2025CheckRegisterbyCheckingAccount.pdf
2025-01-14,30971,1-7-2025DetailCheckRegister.pdf,273322,2025-01-14__1-7-2025DetailCheckRegister.pdf
2025-01-14,30971,12-17-2024BoardReport10003.pdf,292881,2025-01-14__12-17-2024BoardReport10003.pdf
2025-01-14,30971,12-17-2024CheckRegisterbyCheckingAccount.pdf,31915,2025-01-14__12-17-2024CheckRegisterbyCheckingAccount.pdf
2025-01-14,30971,12-17-2024DetailCheckRegister.pdf,219267,2025-01-14__12-17-2024DetailCheckRegister.pdf
2025-01-14,30971,12-18-2024BoardReport10003.pdf,8868,2025-01-14__12-18-2024BoardReport10003.pdf
2025-01-14,30971,12-18-2024CheckRegisterbyCheckingAccount.pdf,5935,2025-01-14__12-18-2024CheckRegisterbyCheckingAccount.pdf
2025-01-14,30971,12-18-2024DetailCheckRegister.pdf,6150,2025-01-14__12-18-2024DetailCheckRegister.pdf
2025-01-14,30971,12-19-2024BoardReport10003.pdf,9576,2025-01-14__12-19-2024BoardReport10003.pdf
2025-01-14,30971,12-19-2024CheckRegisterbyCheckingAccount.pdf,5936,2025-01-14__12-19-2024CheckRegisterbyCheckingAccount.pdf
2025-01-14,30971,12-19-2024DetailCheckRegister.pdf,6560,2025-01-14__12-19-2024DetailCheckRegister.pdf
2025-01-14,30971,12-20-2024BoardReport10003.pdf,8910,2025-01-14__12-20-2024BoardReport10003.pdf
2025-01-14,30971,12-20-2024CheckRegisterbyCheckingAccount.pdf,5946,2025-01-14__12-20-2024CheckRegisterbyCheckingAccount.pdf
2025-01-14,30971,12-20-2024DetailCheckRegister.pdf,6165,2025-01-14__12-20-2024DetailCheckRegister.pdf
2025-01-14,30971,Accounts_Payable_Summaries - 20241210.pdf,47362,2025-01-14__Accounts_Payable_Summaries - 20241210.pdf
2025-01-28,26102,1-14-2025BoardReport10003.pdf,66669,2025-01-28__1-14-2025BoardReport10003.pdf
2025-01-28,26102,1-14-2025CheckRegisterbyCheckingAccount.pdf,12759,2025-01-28__1-14-2025CheckRegisterbyCheckingAccount.pdf
2025-01-28,26102,1-14-2025DetailCheckRegister.pdf,55633,2025-01-28__1-14-2025DetailCheckRegister.pdf
2025-01-28,26102,1-21-2025BoardReport10003.pdf,219735,2025-01-28__1-21-2025BoardReport10003.pdf
2025-01-28,26102,1-21-2025CheckRegisterbyCheckingAccount.pdf,27348,2025-01-28__1-21-2025CheckRegisterbyCheckingAccount.pdf
2025-01-28,26102,1-21-2025DetailCheckRegister.pdf,167034,2025-01-28__1-21-2025DetailCheckRegister.pdf
2025-01-28,26102,Accounts_Payable_Summaries - 20250128.pdf,47735,2025-01-28__Accounts_Payable_Summaries - 20250128.pdf
2025-02-11,30975,1-28-2025BoardReport10003.pdf,72621,2025-02-11__1-28-2025BoardReport10003.pdf
2025-02-11,30975,1-28-2025CheckRegisterbyCheckingAccount.pdf,13153,2025-02-11__1-28-2025CheckRegisterbyCheckingAccount.pdf
2025-02-11,30975,1-28-2025DetailCheckRegister.pdf,62954,2025-02-11__1-28-2025DetailCheckRegister.pdf
2025-02-11,30975,2-4-2025BoardReport10003.pdf,206799,2025-02-11__2-4-2025BoardReport10003.pdf
2025-02-11,30975,2-4-2025CheckRegisterbyCheckingAccount.pdf,24417,2025-02-11__2-4-2025CheckRegisterbyCheckingAccount.pdf
2025-02-11,30975,2-4-2025DetailCheckRegister.pdf,149247,2025-02-11__2-4-2025DetailCheckRegister.pdf
2025-02-11,30975,Accounts_Payable_Summaries - 20250211.pdf,48246,2025-02-11__Accounts_Payable_Summaries - 20250211.pdf
2025-02-25,30981,2-11-2025BoardReport10003.pdf,72926,2025-02-25__2-11-2025BoardReport10003.pdf
2025-02-25,30981,2-11-2025CheckRegisterbyCheckingAccount.pdf,13284,2025-02-25__2-11-2025CheckRegisterbyCheckingAccount.pdf
2025-02-25,30981,2-11-2025DetailCheckRegister.pdf,60511,2025-02-25__2-11-2025DetailCheckRegister.pdf
2025-02-25,30981,20250218_BoardReport10003.pdf,228153,2025-02-25__20250218_BoardReport10003.pdf
2025-02-25,30981,20250218_CheckRegisterbyCheckingAccount.pdf,28084,2025-02-25__20250218_CheckRegisterbyCheckingAccount.pdf
2025-02-25,30981,20250218_DetailCheckRegister.pdf,177774,2025-02-25__20250218_DetailCheckRegister.pdf
2025-02-25,30981,20250218b_BoardReport10003.pdf,38357,2025-02-25__20250218b_BoardReport10003.pdf
2025-02-25,30981,20250218b_CheckRegisterbyCheckingAccount.pdf,8772,2025-02-25__20250218b_CheckRegisterbyCheckingAccount.pdf
2025-02-25,30981,20250218b_DetailCheckRegister.pdf,31014,2025-02-25__20250218b_DetailCheckRegister.pdf
2025-02-25,30981,Accounts_Payable_Summaries - 20250225.pdf,47390,2025-02-25__Accounts_Payable_Summaries - 20250225.pdf
2025-03-11,30982,2-25-25BoardReport10003.pdf,56600,2025-03-11__2-25-25BoardReport10003.pdf
2025-03-11,30982,2-25-25CheckRegisterbyCheckingAccount.pdf,12359,2025-03-11__2-25-25CheckRegisterbyCheckingAccount.pdf
2025-03-11,30982,2-25-25DetailCheckRegister.pdf,50209,2025-03-11__2-25-25DetailCheckRegister.pdf
2025-03-11,30982,3-4-25BoardReport10003.pdf,187060,2025-03-11__3-4-25BoardReport10003.pdf
2025-03-11,30982,3-4-25CheckRegisterbyCheckingAccount.pdf,22252,2025-03-11__3-4-25CheckRegisterbyCheckingAccount.pdf
2025-03-11,30982,3-4-25DetailCheckRegister.pdf,140937,2025-03-11__3-4-25DetailCheckRegister.pdf
2025-03-11,30982,Accounts_Payable_Summaries - 20250311.pdf,47733,2025-03-11__Accounts_Payable_Summaries - 20250311.pdf
2025-03-25,30987,20250318BoardReport10003.pdf,208161,2025-03-25__20250318BoardReport10003.pdf
2025-03-25,30987,20250318CheckRegisterbyCheckingAccount.pdf,26042,2025-03-25__20250318CheckRegisterbyCheckingAccount.pdf
2025-03-25,30987,20250318DetailCheckRegister.pdf,157324,2025-03-25__20250318DetailCheckRegister.pdf
2025-03-25,30987,3-11-25BoardReport10003.pdf,40417,2025-03-25__3-11-25BoardReport10003.pdf
2025-03-25,30987,3-11-25CheckRegisterbyCheckingAccount.pdf,10781,2025-03-25__3-11-25CheckRegisterbyCheckingAccount.pdf
2025-03-25,30987,3-11-25DetailCheckRegister.pdf,35402,2025-03-25__3-11-25DetailCheckRegister.pdf
2025-03-25,30987,Accounts_Payable_Summaries - 20250325.pdf,46895,2025-03-25__Accounts_Payable_Summaries - 20250325.pdf
2025-04-08,30988,3-25-25BoardReport10003.pdf,32597,2025-04-08__3-25-25BoardReport10003.pdf
2025-04-08,30988,3-25-25CheckRegisterbyCheckingAccount.pdf,8883,2025-04-08__3-25-25CheckRegisterbyCheckingAccount.pdf
2025-04-08,30988,3-25-25DetailCheckRegister.pdf,25910,2025-04-08__3-25-25DetailCheckRegister.pdf
2025-04-08,30988,4-1-25BoardReport10003.pdf,168847,2025-04-08__4-1-25BoardReport10003.pdf
2025-04-08,30988,4-1-25CheckRegisterbyCheckingAccount.pdf,21741,2025-04-08__4-1-25CheckRegisterbyCheckingAccount.pdf
2025-04-08,30988,4-1-25DetailCheckRegister.pdf,133321,2025-04-08__4-1-25DetailCheckRegister.pdf
2025-04-08,30988,Accounts_Payable_Summaries - 20250408.pdf,47312,2025-04-08__Accounts_Payable_Summaries - 20250408.pdf
2025-04-22,30994,4-15-25BoardReport10003.pdf,252863,2025-04-22__4-15-25BoardReport10003.pdf
2025-04-22,30994,4-15-25CheckRegisterbyCheckingAccount.pdf,29210,2025-04-22__4-15-25CheckRegisterbyCheckingAccount.pdf
2025-04-22,30994,4-15-25DetailCheckRegister.pdf,181309,2025-04-22__4-15-25DetailCheckRegister.pdf
2025-04-22,30994,4-8-25BoardReport10003.pdf,53759,2025-04-22__4-8-25BoardReport10003.pdf
2025-04-22,30994,4-8-25CheckRegisterbyCheckingAccount.pdf,11744,2025-04-22__4-8-25CheckRegisterbyCheckingAccount.pdf
2025-04-22,30994,4-8-25DetailCheckRegister.pdf,43963,2025-04-22__4-8-25DetailCheckRegister.pdf
2025-04-22,30994,Accounts_Payable_Summaries - 20250422.pdf,47648,2025-04-22__Accounts_Payable_Summaries - 20250422.pdf
2025-05-13,25984,4-22-25BoardReport10003.pdf,53452,2025-05-13__4-22-25BoardReport10003.pdf
2025-05-13,25984,4-22-25CheckRegisterbyCheckingAccount.pdf,11664,2025-05-13__4-22-25CheckRegisterbyCheckingAccount.pdf
2025-05-13,25984,4-22-25DetailCheckRegister.pdf,45993,2025-05-13__4-22-25DetailCheckRegister.pdf
2025-05-13,25984,4-29-25BoardReport10003.pdf,48894,2025-05-13__4-29-25BoardReport10003.pdf
2025-05-13,25984,4-29-25CheckRegisterbyCheckingAccount.pdf,11498,2025-05-13__4-29-25CheckRegisterbyCheckingAccount.pdf
2025-05-13,25984,4-29-25DetailCheckRegister.pdf,43823,2025-05-13__4-29-25DetailCheckRegister.pdf
2025-05-13,25984,5-6-25BoardReport10003.pdf,251882,2025-05-13__5-6-25BoardReport10003.pdf
2025-05-13,25984,5-6-25CheckRegisterbyCheckingAccount.pdf,28058,2025-05-13__5-6-25CheckRegisterbyCheckingAccount.pdf
2025-05-13,25984,5-6-25DetailCheckRegister.pdf,186235,2025-05-13__5-6-25DetailCheckRegister.pdf
2025-05-13,25984,Accounts_Payable_Summaries - 20250513.pdf,48123,2025-05-13__Accounts_Payable_Summaries - 20250513.pdf
2025-05-27,26020,5-13-25BoardReport10003.pdf,44826,2025-05-27__5-13-25BoardReport10003.pdf
2025-05-27,26020,5-20-25BoardReport10003.pdf,221056,2025-05-27__5-20-25BoardReport10003.pdf
2025-05-27,26020,Accounts_Payable_Summaries - 20250527.pdf,47801,2025-05-27__Accounts_Payable_Summaries - 20250527.pdf
2025-06-10,27223,5-27-25BoardReport10003.pdf,36818,2025-06-10__5-27-25BoardReport10003.pdf
2025-06-10,27223,5-28-25BoardReport10003.pdf,8471,2025-06-10__5-28-25BoardReport10003.pdf
2025-06-10,27223,6-3-25BoardReport10003.pdf,244386,2025-06-10__6-3-25BoardReport10003.pdf
2025-06-10,27223,Accounts_Payable_Summaries - 20250610.pdf,47446,2025-06-10__Accounts_Payable_Summaries - 20250610.pdf
2025-07-22,27220,07-08-2025BoardReport10003.pdf,210103,2025-07-22__07-08-2025BoardReport10003.pdf
2025-07-22,27220,20250624BoardReport10003.pdf,114302,2025-07-22__20250624BoardReport10003.pdf
2025-07-22,27220,7-15-2025BoardReport10003.pdf,160973,2025-07-22__7-15-2025BoardReport10003.pdf
2025-07-22,27220,Accounts_Payable_Summaries - 20250715.pdf,48222,2025-07-22__Accounts_Payable_Summaries - 20250715.pdf
2025-08-12,27214,20250729BoardReport10003.pdf,29531,2025-08-12__20250729BoardReport10003.pdf
2025-08-12,27214,8-5-2025_BoardReport10003.pdf,199774,2025-08-12__8-5-2025_BoardReport10003.pdf
2025-08-12,27214,Accounts_Payable_Summaries - 20250812.pdf,47870,2025-08-12__Accounts_Payable_Summaries - 20250812.pdf
2025-08-26,27210,8-12-2025BoardReport10003.pdf,39406,2025-08-26__8-12-2025BoardReport10003.pdf
2025-08-26,27210,8-19-25BoardReport10003.pdf,233134,2025-08-26__8-19-25BoardReport10003.pdf
2025-08-26,27210,Accounts_Payable_Summaries - 20250826.pdf,47835,2025-08-26__Accounts_Payable_Summaries - 20250826.pdf
2025-09-09,27204,2025-9-2BoardReport10003.pdf,200051,2025-09-09__2025-9-2BoardReport10003.pdf
2025-09-09,27204,8-26-25BoardReport10003.pdf,60930,2025-09-09__8-26-25BoardReport10003.pdf
2025-09-09,27204,Accounts_Payable_Summaries - 20250909.pdf,47959,2025-09-09__Accounts_Payable_Summaries - 20250909.pdf
2025-09-23,27201,9-16-2025BoardReport10003.pdf,368864,2025-09-23__9-16-2025BoardReport10003.pdf
2025-09-23,27201,9-9-2025BoardReport10003.pdf,62667,2025-09-23__9-9-2025BoardReport10003.pdf
2025-09-23,27201,Accounts_Payable_Summaries - 20250916.pdf,47712,2025-09-23__Accounts_Payable_Summaries - 20250916.pdf
2025-10-14,27190,10-7-25BoardReport10003.pdf,308638,2025-10-14__10-7-25BoardReport10003.pdf
2025-10-14,27190,9-23-25BoardReport10003.pdf,59585,2025-10-14__9-23-25BoardReport10003.pdf
2025-10-14,27190,9-30-25BoardReport10003.pdf,73974,2025-10-14__9-30-25BoardReport10003.pdf
2025-10-14,27190,Accounts_Payable_Summaries - 20251007.pdf,47604,2025-10-14__Accounts_Payable_Summaries - 20251007.pdf
2025-10-28,25979,10-14-25BoardReport10003.pdf,63577,2025-10-28__10-14-25BoardReport10003.pdf
2025-10-28,25979,10-22-25BoardReport10003.pdf,205812,2025-10-28__10-22-25BoardReport10003.pdf
2025-10-28,25979,Accounts_Payable_Summaries - 20251021.pdf,45352,2025-10-28__Accounts_Payable_Summaries - 20251021.pdf
2025-11-11,25797,10-28-25BoardReport10003 (1).pdf,46298,2025-11-11__10-28-25BoardReport10003 (1).pdf
2025-11-11,25797,10-30-25BoardReport10003.pdf,8807,2025-11-11__10-30-25BoardReport10003.pdf
2025-11-11,25797,2025-4-11BoardReport10003.pdf,228733,2025-11-11__2025-4-11BoardReport10003.pdf
2025-11-11,25797,Accounts_Payable_Summaries - 20251104.pdf,47342,2025-11-11__Accounts_Payable_Summaries - 20251104.pdf
2025-12-09,25270,11-18-25BoardReport10003.pdf,224559,2025-12-09__11-18-25BoardReport10003.pdf
2025-12-09,25270,11-25-25BoardReport10003.pdf,57456,2025-12-09__11-25-25BoardReport10003.pdf
2025-12-09,25270,12-2-2025BoardReport10003.pdf,165092,2025-12-09__12-2-2025BoardReport10003.pdf
2025-12-09,25270,2025-11-11BoardReport10003.pdf,46505,2025-12-09__2025-11-11BoardReport10003.pdf
2025-12-09,25270,Accounts_Payable_Summaries - 20251202.pdf,37190,2025-12-09__Accounts_Payable_Summaries - 20251202.pdf
2026-01-13,25481,1-6-2026 BoardReport10003.pdf,297690,2026-01-13__1-6-2026 BoardReport10003.pdf
2026-01-13,25481,12-16-2025BoardReport10003.pdf,261273,2026-01-13__12-16-2025BoardReport10003.pdf
2026-01-13,25481,12-9-2025BoardReport10003.pdf,76581,2026-01-13__12-9-2025BoardReport10003.pdf
2026-01-13,25481,Accounts_Payable_Summaries - 20260106.pdf,37135,2026-01-13__Accounts_Payable_Summaries - 20260106.pdf
2026-01-27,25486,1-13-26BoardReport10003.pdf,58210,2026-01-27__1-13-26BoardReport10003.pdf
2026-01-27,25486,2026-1-20BoardReport10003.pdf,250778,2026-01-27__2026-1-20BoardReport10003.pdf
2026-01-27,25486,Accounts_Payable_Summaries - 20260120.pdf,47509,2026-01-27__Accounts_Payable_Summaries - 20260120.pdf
2026-02-10,25489,1-27-2026_BoardReport10003.pdf,58721,2026-02-10__1-27-2026_BoardReport10003.pdf
2026-02-10,25489,2-3-2026_BoardReport10003.pdf,225628,2026-02-10__2-3-2026_BoardReport10003.pdf
2026-02-10,25489,Accounts_Payable_Summaries - 20260203.pdf,47501,2026-02-10__Accounts_Payable_Summaries - 20260203.pdf
2026-02-24,25490,2-10-26_BoardReport10003.pdf,54227,2026-02-24__2-10-26_BoardReport10003.pdf
2026-02-24,25490,2-16-26BoardReport10003.pdf,10671,2026-02-24__2-16-26BoardReport10003.pdf
2026-02-24,25490,2-18-26BoardReport10003.pdf,195823,2026-02-24__2-18-26BoardReport10003.pdf
2026-02-24,25490,2-5-2026_BoardReport10003.pdf,8475,2026-02-24__2-5-2026_BoardReport10003.pdf
2026-02-24,25490,Accounts_Payable_Summaries - 20260224.pdf,47459,2026-02-24__Accounts_Payable_Summaries - 20260224.pdf
2026-03-10,25492,2-24-26_BoardReport10003.pdf,38427,2026-03-10__2-24-26_BoardReport10003.pdf
2026-03-10,25492,2-26-26_BoardReport10003.pdf,9611,2026-03-10__2-26-26_BoardReport10003.pdf
2026-03-10,25492,3-3-26_BoardReport10003.pdf,129217,2026-03-10__3-3-26_BoardReport10003.pdf
2026-03-10,25492,Accounts_Payable_Summaries - 20260310.pdf,59026,2026-03-10__Accounts_Payable_Summaries - 20260310.pdf
2026-04-14,28493,3-24-2026 BoardReport10003.pdf,27105,2026-04-14__3-24-2026 BoardReport10003.pdf
2026-04-14,28493,3-31-2026 BoardReport10003.pdf,37578,2026-04-14__3-31-2026 BoardReport10003.pdf
2026-04-14,28493,4-7-2026 BoardReport10003.pdf,166489,2026-04-14__4-7-2026 BoardReport10003.pdf
2026-04-14,28493,Accounts Payable Summaries 20260414.pdf,20200,2026-04-14__Accounts Payable Summaries 20260414.pdf
2026-04-14,28493,BMO Transactions 010624-020524.pdf,840815,2026-04-14__BMO Transactions 010624-020524.pdf
2026-04-14,28493,BMO Transactions 010625-020525.pdf,1052373,2026-04-14__BMO Transactions 010625-020525.pdf
2026-04-14,28493,BMO Transactions 020624-030524.pdf,887704,2026-04-14__BMO Transactions 020624-030524.pdf
2026-04-14,28493,BMO Transactions 020625-030525.pdf,931244,2026-04-14__BMO Transactions 020625-030525.pdf
2026-04-14,28493,BMO Transactions 020626-030526.pdf,574770,2026-04-14__BMO Transactions 020626-030526.pdf
2026-04-14,28493,BMO Transactions 030624-040524.pdf,815373,2026-04-14__BMO Transactions 030624-040524.pdf
2026-04-14,28493,BMO Transactions 030625-040525.pdf,933773,2026-04-14__BMO Transactions 030625-040525.pdf
2026-04-14,28493,BMO Transactions 030626-042626.pdf,525014,2026-04-14__BMO Transactions 030626-042626.pdf
2026-04-14,28493,BMO Transactions 040624-050524.pdf,898021,2026-04-14__BMO Transactions 040624-050524.pdf
2026-04-14,28493,BMO Transactions 040625-050525.pdf,1017109,2026-04-14__BMO Transactions 040625-050525.pdf
2026-04-14,28493,BMO Transactions 050624-060524.pdf,1019983,2026-04-14__BMO Transactions 050624-060524.pdf
2026-04-14,28493,BMO Transactions 050625-060525.pdf,1087631,2026-04-14__BMO Transactions 050625-060525.pdf
2026-04-14,28493,BMO Transactions 060624-070524.pdf,484729,2026-04-14__BMO Transactions 060624-070524.pdf
2026-04-14,28493,BMO Transactions 060625-070525.pdf,519226,2026-04-14__BMO Transactions 060625-070525.pdf
2026-04-14,28493,BMO Transactions 070623-080523.pdf,634519,2026-04-14__BMO Transactions 070623-080523.pdf
2026-04-14,28493,BMO Transactions 070624-080524.pdf,569525,2026-04-14__BMO Transactions 070624-080524.pdf
2026-04-14,28493,BMO Transactions 070625-080525.pdf,744058,2026-04-14__BMO Transactions 070625-080525.pdf
2026-04-14,28493,BMO Transactions 080623-090523.pdf,987268,2026-04-14__BMO Transactions 080623-090523.pdf
2026-04-14,28493,BMO Transactions 080624-090524.pdf,1028754,2026-04-14__BMO Transactions 080624-090524.pdf
2026-04-14,28493,BMO Transactions 080625-090525.pdf,1108061,2026-04-14__BMO Transactions 080625-090525.pdf
2026-04-14,28493,BMO Transactions 090624-100524.pdf,1149586,2026-04-14__BMO Transactions 090624-100524.pdf
2026-04-14,28493,BMO Transactions 090625-100525.pdf,1112652,2026-04-14__BMO Transactions 090625-100525.pdf
2026-04-14,28493,BMO Transactions 100623-110523 (1).pdf,1105544,2026-04-14__BMO Transactions 100623-110523 (1).pdf
2026-04-14,28493,BMO Transactions 100623-110523.pdf,1105544,2026-04-14__BMO Transactions 100623-110523.pdf
2026-04-14,28493,BMO Transactions 100624-110524.pdf,1007993,2026-04-14__BMO Transactions 100624-110524.pdf
2026-04-14,28493,BMO Transactions 100625-110525.pdf,1122772,2026-04-14__BMO Transactions 100625-110525.pdf
2026-04-14,28493,BMO Transactions 110623-120523.pdf,897776,2026-04-14__BMO Transactions 110623-120523.pdf
2026-04-14,28493,BMO Transactions 110624-120524.pdf,976153,2026-04-14__BMO Transactions 110624-120524.pdf
2026-04-14,28493,BMO Transactions 110625-120525.pdf,938255,2026-04-14__BMO Transactions 110625-120525.pdf
2026-04-14,28493,BMO Transactions 120623-010524.pdf,683866,2026-04-14__BMO Transactions 120623-010524.pdf
2026-04-14,28493,BMO Transactions 120624-010525.pdf,704374,2026-04-14__BMO Transactions 120624-010525.pdf
2026-04-14,28493,BMO Transactions 120625-010526.pdf,739895,2026-04-14__BMO Transactions 120625-010526.pdf
2026-04-14,28493,BMO_Statement_6555_20260405.pdf,66063,2026-04-14__BMO_Statement_6555_20260405.pdf
2026-04-14,28493,BMO_Statement_9199_20260405.pdf,85044,2026-04-14__BMO_Statement_9199_20260405.pdf
2026-04-28,28495,4-14-2026_BoardReport10003.pdf,44828,2026-04-28__4-14-2026_BoardReport10003.pdf
2026-04-28,28495,4-21-2026_BoardReport10003.pdf,219242,2026-04-28__4-21-2026_BoardReport10003.pdf
2026-04-28,28495,Accounts Payable Summaries 20260428.pdf,21721,2026-04-28__Accounts Payable Summaries 20260428.pdf
2026-04-28,28495,March 2026 P Card.pdf,149455,2026-04-28__March 2026 P Card.pdf
2026-05-12,29980,4-28-2026_Boardreport10003.pdf,54239,2026-05-12__4-28-2026_Boardreport10003.pdf
2026-05-12,29980,AP Board Report 5.12.2026.pdf,55480,2026-05-12__AP Board Report 5.12.2026.pdf
2026-05-12,29980,BoardReport10003 (1).pdf,162706,2026-05-12__BoardReport10003 (1).pdf
2026-05-26,29981,5-19-2026 BoardReport10003.pdf,213192,2026-05-26__5-19-2026 BoardReport10003.pdf
2026-05-26,29981,AP Board Report - 5.19.2026.pdf,61247,2026-05-26__AP Board Report - 5.19.2026.pdf
2026-05-26,29981,AP Board Report Template - 5.12.2026.pdf,55684,2026-05-26__AP Board Report Template - 5.12.2026.pdf
2026-05-26,29981,April 2026 P Card.pdf,198062,2026-05-26__April 2026 P Card.pdf
2026-05-26,29981,BoardReport10003 (2)5.12.26.pdf,56794,2026-05-26__BoardReport10003 (2)5.12.26.pdf
2026-06-09,29982,5-26-2026 Board Report 10003.pdf,25854,2026-06-09__5-26-2026 Board Report 10003.pdf
2026-06-09,29982,AP Board Report 6.2.2026.pdf,50123,2026-06-09__AP Board Report 6.2.2026.pdf
2026-06-09,29982,BMO Transactions 050626-060526 - Sheet1.pdf,184328,2026-06-09__BMO Transactions 050626-060526 - Sheet1.pdf
2026-06-09,29982,BMO Transactions 050626-060526.pdf,511845,2026-06-09__BMO Transactions 050626-060526.pdf
2026-06-09,29982,BoardReport100036.2.26 (1).pdf,178735,2026-06-09__BoardReport100036.2.26 (1).pdf
